{"results": {"google/vit-base-patch32-384": {"top1": 0.81096, "top5": 0.95828}, "deepmind/vision-perceiver-conv": {"top1": 0.4985, "top5": 0.7059}, "deepmind/vision-perceiver-fourier": {"top1": 0.7812, "top5": 0.93874}, "deepmind/vision-perceiver-learned": {"top1": 0.69738, "top5": 0.88886}, "facebook/convnext-tiny-224": {"top1": 0.81984, "top5": 0.95762}, "facebook/data2vec-vision-base-ft1k": {"top1": 0.83594, "top5": 0.96546}, "facebook/deit-base-distilled-patch16-224": 0.83322, "facebook/deit-base-patch16-224": {"top1": 0.80116, "top5": 0.93628}, "facebook/deit-small-distilled-patch16-224": {"top1": 0.81006, "top5": 0.95418}, "facebook/deit-small-patch16-224": {"top1": 0.77058, "top5": 0.92958}, "facebook/deit-tiny-patch16-224": {"top1": 0.66462, "top5": 0.87716}, "facebook/regnet-y-040": {"top1": 0.79186, "top5": 0.94552}, "google/vit-base-patch16-224": {"top1": 0.80248, "top5": 0.9539}, "google/vit-base-patch16-384": {"top1": 0.8383, "top5": 0.96954}, "google/vit-large-patch16-224": {"top1": 0.81902, "top5": 0.959}, "microsoft/beit-base-patch16-224": {"top1": 0.84462, "top5": 0.97258}, "microsoft/resnet-101": {"top1": 0.81846, "top5": 0.95596}, "microsoft/resnet-50": {"top1": 0.80066, "top5": 0.94398}, "microsoft/swin-base-patch4-window7-224": {"top1": 0.85056, "top5": 0.9738}, "microsoft/swin-large-patch4-window7-224": {"top1": 0.86114, "top5": 0.97722}, "microsoft/swin-small-patch4-window7-224": {"top1": 0.82702, "top5": 0.96064}, "microsoft/swin-tiny-patch4-window7-224": {"top1": 0.80528, "top5": 0.95132}, "nvidia/mit-b0": {"top1": 0.6674, "top5": 0.87902}, "nvidia/mit-b3": {"top1": 0.81266, "top5": 0.95754}, "nvidia/mit-b4": {"top1": 0.81888, "top5": 0.95852}, "nvidia/mit-b5": {"top1": 0.82342, "top5": 0.96086}}, "task": "image-classification", "ignore": []}
